board_id,chip_id,processor_id,vertex,SDRAM
0,0,1,"Command Sender on 0, 0",1752
0,0,2,"SYSTEM:PacketGatherer(0,0)",477250
0,0,3,SYSTEM:ExtraMonitor,488476
0,0,4,output,1125128
0,0,5,output,1125128
0,0,6,output,1125128
0,0,7,output,1125128
0,0,8,output,1125128
0,0,9,output,1125128
0,0,10,output,1125128
0,0,11,output,1125128
0,0,12,output,1125128
0,0,13,output,1125128
0,0,14,output,1125128
0,0,15,output,1125128
0,0,16,output,1125128
0,0,17,output,1125128
0,7,1,SYSTEM:ExtraMonitor,488476
0,7,2,output,1125128
0,7,3,output,1125128
0,7,4,output,1125128
0,7,5,output,1125128
0,7,6,output,1125128
0,7,7,output,1125128
0,7,8,output,1125128
0,7,9,output,1125128
0,7,10,output,1125128
0,7,11,output,1125128
0,7,12,output,1125128
0,7,13,output,1125128
0,7,14,output,1125128
0,7,15,output,1125128
0,7,16,output,1125128
0,7,17,output,1125128
0,14,1,SYSTEM:ExtraMonitor,488476
0,14,2,output,1125128
0,14,3,output,1125128
0,14,4,output,1125128
0,14,5,output,1125128
0,14,6,output,1125128
0,14,7,output,1125128
0,14,8,output,1125128
0,14,9,output,1125128
0,14,10,output,1125128
0,14,11,output,1125128
0,14,12,output,1125128
0,14,13,output,1125128
0,14,14,output,1125128
0,14,15,output,1125128
0,14,16,output,1125128
0,14,17,output,1125128
0,21,1,SYSTEM:ExtraMonitor,488476
0,21,2,output,1125128
0,21,3,output,1125128
0,21,4,output,1125128
0,21,5,output,1125128
0,21,6,output,1125128
0,21,7,output,1125128
0,21,8,output,1125128
0,21,9,output,1125128
0,21,10,output,1125128
0,21,11,output,1125128
0,21,12,output,1125128
0,21,13,output,1125128
0,21,14,output,1125128
0,21,15,output,1125128
0,21,16,output,1125128
0,21,17,output,1125128
0,1,1,SYSTEM:ExtraMonitor,488476
0,1,2,output,1125128
0,1,3,output,1125128
0,1,4,output,1125128
0,1,5,output,1125128
0,1,6,output,1125128
0,1,7,output,1125128
0,1,8,output,1125128
0,1,9,output,1125128
0,1,10,output,1125128
0,1,11,output,1125128
0,1,12,output,1125128
0,1,13,output,1125128
0,1,14,output,1125128
0,1,15,output,1125128
0,1,16,output,1125128
0,1,17,output,1125128
0,8,1,SYSTEM:ExtraMonitor,488476
0,8,2,output,1125128
0,8,3,output,1125128
0,8,4,output,1125128
0,8,5,output,1125128
0,8,6,output,1125128
0,8,7,output,1125128
0,8,8,output,1125128
0,8,9,output,1125128
0,8,10,output,1125128
0,8,11,output,1125128
0,8,12,output,1125128
0,8,13,output,1125128
0,8,14,output,1125128
0,8,15,output,1125128
0,8,16,output,1125128
0,15,1,SYSTEM:ExtraMonitor,488476
0,15,2,output,1125128
0,15,3,output,1125128
0,15,4,output,1125128
0,15,5,output,1125128
0,15,6,output,1125128
0,15,7,output,1125128
0,15,8,output,1125128
0,15,9,output,1125128
0,15,10,output,1125128
0,15,11,output,1125128
0,15,12,output,1125128
0,15,13,output,1125128
0,15,14,output,1125128
0,15,15,output,1125128
0,15,16,output,1125128
0,15,17,output,1125128
0,22,1,SYSTEM:ExtraMonitor,488476
0,22,2,output,1125128
0,22,3,output,1125128
0,22,4,output,1125128
0,22,5,output,1125128
0,22,6,output,1125128
0,22,7,output,1125128
0,22,8,output,1125128
0,22,9,output,1125128
0,22,10,output,1125128
0,22,11,output,1125128
0,22,12,output,1125128
0,22,13,output,1125128
0,22,14,output,1125128
0,22,15,output,1125128
0,22,16,output,1125128
0,29,1,SYSTEM:ExtraMonitor,488476
0,29,2,output,1125128
0,29,3,output,1125128
0,29,4,output,1125128
0,29,5,output,1125128
0,29,6,output,1125128
0,29,7,output,1125128
0,29,8,output,1125128
0,29,9,output,1125128
0,29,10,output,1125128
0,29,11,output,1125128
0,29,12,output,1125128
0,29,13,output,1125128
0,29,14,output,1125128
0,29,15,output,1125128
0,29,16,output,1125128
0,29,17,output,1125128
0,2,1,SYSTEM:ExtraMonitor,488476
0,2,2,output,1125128
0,2,3,output,1125128
0,2,4,output,1125128
0,2,5,output,1125128
0,2,6,output,1125128
0,2,7,output,1125128
0,2,8,output,1125128
0,2,9,output,1125128
0,2,10,output,1125128
0,2,11,output,1125128
0,2,12,output,1125128
0,2,13,output,1125128
0,2,14,output,1125128
0,2,15,output,1125128
0,2,16,output,1125128
0,2,17,output,1125128
0,9,1,SYSTEM:ExtraMonitor,488476
0,9,2,output,1125128
0,9,3,output,1125128
0,9,4,output,1125128
0,9,5,output,1125128
0,9,6,output,1125128
0,9,7,output,1125128
0,9,8,output,1125128
0,9,9,output,1125128
0,9,10,output,1125128
0,9,11,output,1125128
0,9,12,output,1125128
0,9,13,output,1125128
0,9,14,output,1125128
0,9,15,output,1125128
0,9,16,output,1125128
0,9,17,output,1125128
0,16,1,SYSTEM:ExtraMonitor,488476
0,16,2,output,1125128
0,16,3,output,1125128
0,16,4,output,1125128
0,16,5,output,1125128
0,16,6,output,1125128
0,16,7,output,1125128
0,16,8,output,1125128
0,16,9,output,1125128
0,16,10,output,1125128
0,16,11,output,1125128
0,16,12,output,1125128
0,16,13,output,1125128
0,16,14,output,1125128
0,16,15,output,1125128
0,16,16,output,1125128
0,16,17,output,1125128
0,23,1,SYSTEM:ExtraMonitor,488476
0,23,2,output,1125128
0,23,3,output,1125128
0,23,4,output,1125128
0,23,5,output,1125128
0,23,6,output,1125128
0,23,7,output,1125128
0,23,8,output,1125128
0,23,9,output,1125128
0,23,10,output,1125128
0,23,11,output,1125128
0,23,12,output,1125128
0,23,13,output,1125128
0,23,14,output,1125128
0,23,15,output,1125128
0,23,16,output,1125128
0,23,17,output,1125128
0,30,1,SYSTEM:ExtraMonitor,488476
0,30,2,output,1125128
0,30,3,output,1125128
0,30,4,output,1125128
0,30,5,output,1125128
0,30,6,output,1125128
0,30,7,output,1125128
0,30,8,output,1125128
0,30,9,output,1125128
0,30,10,output,1125128
0,30,11,output,1125128
0,30,12,output,1125128
0,30,13,output,1125128
0,30,14,output,1125128
0,30,15,output,1125128
0,30,16,output,1125128
0,30,17,output,1125128
0,37,1,SYSTEM:ExtraMonitor,488476
0,37,2,output,1125128
0,37,3,output,1125128
0,37,4,output,1125128
0,37,5,output,1125128
0,37,6,output,1125128
0,37,7,output,1125128
0,37,8,output,1125128
0,37,9,output,1125128
0,37,10,output,1125128
0,37,11,output,1125128
0,37,12,output,1125128
0,37,13,output,1125128
0,37,14,output,1125128
0,37,15,output,1125128
0,37,16,output,1125128
0,37,17,output,1125128
0,3,1,SYSTEM:ExtraMonitor,488476
0,3,2,output,1125128
0,3,3,output,1125128
0,3,4,output,1125128
0,3,5,output,1125128
0,3,6,output,1125128
0,3,7,output,1125128
0,3,8,output,1125128
0,3,9,output,1125128
0,3,10,output,1125128
0,3,11,output,1125128
0,3,12,output,1125128
0,3,13,output,1125128
0,3,14,output,1125128
0,3,15,output,1125128
0,3,16,output,1125128
0,3,17,output,1125128
0,10,1,SYSTEM:ExtraMonitor,488476
0,10,2,output,1125128
0,10,3,output,1125128
0,10,4,output,1125128
0,10,5,output,1125128
0,10,6,output,1125128
0,10,7,output,1125128
0,10,8,output,1125128
0,10,9,output,1125128
0,10,10,output,1125128
0,10,11,output,1125128
0,10,12,output,1125128
0,10,13,output,1125128
0,10,14,output,1125128
0,10,15,output,1125128
0,10,16,output,1125128
0,17,1,SYSTEM:ExtraMonitor,488476
0,17,2,output,1125128
0,17,3,output,1125128
0,17,4,output,1125128
0,17,5,output,1125128
0,17,6,output,1125128
0,17,7,output,1125128
0,17,8,output,1125128
0,17,9,output,1125128
0,17,10,output,1125128
0,17,11,output,1125128
0,17,12,output,1125128
0,17,13,output,1125128
0,17,14,output,1125128
0,17,15,output,1125128
0,17,16,output,1125128
0,17,17,output,1125128
0,24,1,SYSTEM:ExtraMonitor,488476
0,24,2,output,1125128
0,24,3,output,1125128
0,24,4,output,1125128
0,24,5,output,1125128
0,24,6,output,1125128
0,24,7,output,1125128
0,24,8,output,1125128
0,24,9,output,1125128
0,24,10,output,1125128
0,24,11,output,1125128
0,24,12,output,1125128
0,24,13,output,1125128
0,24,14,output,1125128
0,24,15,output,1125128
0,24,16,output,1125128
0,31,1,SYSTEM:ExtraMonitor,488476
0,31,2,output,1125128
0,31,3,output,1125128
0,31,4,output,1125128
0,31,5,output,1125128
0,31,6,output,1125128
0,31,7,output,1125128
0,31,8,output,1125128
0,31,9,output,1125128
0,31,10,output,1125128
0,31,11,output,1125128
0,31,12,output,1125128
0,31,13,output,1125128
0,31,14,output,1125128
0,31,15,output,1125128
0,31,16,output,1125128
0,31,17,output,1125128
0,38,1,SYSTEM:ExtraMonitor,488476
0,38,2,output,1125128
0,38,3,output,1125128
0,38,4,output,1125128
0,38,5,output,1125128
0,38,6,output,1125128
0,38,7,output,1125128
0,38,8,output,1125128
0,38,9,output,1125128
0,38,10,output,1125128
0,38,11,output,1125128
0,38,12,output,1125128
0,38,13,output,1125128
0,38,14,output,1125128
0,38,15,output,1125128
0,38,16,output,1125128
0,45,1,SYSTEM:ExtraMonitor,488476
0,4,1,SYSTEM:ExtraMonitor,488476
0,4,2,output,1125128
0,4,3,output,1125128
0,4,4,output,1125128
0,4,5,output,1125128
0,4,6,output,1125128
0,4,7,output,1125128
0,4,8,output,1125128
0,4,9,output,1125128
0,4,10,output,1125128
0,4,11,output,1125128
0,4,12,output,1125128
0,4,13,output,1125128
0,4,14,output,1125128
0,4,15,output,1125128
0,4,16,output,1125128
0,4,17,output,1125128
0,11,1,SYSTEM:ExtraMonitor,488476
0,11,2,output,1125128
0,11,3,output,1125128
0,11,4,output,1125128
0,11,5,output,1125128
0,11,6,output,1125128
0,11,7,output,1125128
0,11,8,output,1125128
0,11,9,output,1125128
0,11,10,output,1125128
0,11,11,output,1125128
0,11,12,output,1125128
0,11,13,output,1125128
0,11,14,output,1125128
0,11,15,output,1125128
0,11,16,output,1125128
0,11,17,output,1125128
0,18,1,SYSTEM:ExtraMonitor,488476
0,18,2,output,1125128
0,18,3,output,1125128
0,18,4,output,1125128
0,18,5,output,1125128
0,18,6,output,1125128
0,18,7,output,1125128
0,18,8,output,1125128
0,18,9,output,1125128
0,18,10,output,1125128
0,18,11,output,1125128
0,18,12,output,1125128
0,18,13,output,1125128
0,18,14,output,1125128
0,18,15,output,1125128
0,18,16,output,1125128
0,18,17,output,1125128
0,25,1,SYSTEM:ExtraMonitor,488476
0,25,2,output,1125128
0,25,3,output,1125128
0,25,4,output,1125128
0,25,5,output,1125128
0,25,6,output,1125128
0,25,7,output,1125128
0,25,8,output,1125128
0,25,9,output,1125128
0,25,10,output,1125128
0,25,11,output,1125128
0,25,12,output,1125128
0,25,13,output,1125128
0,25,14,output,1125128
0,25,15,output,1125128
0,25,16,output,1125128
0,25,17,output,1125128
0,32,1,SYSTEM:ExtraMonitor,488476
0,32,2,output,1125128
0,32,3,output,1125128
0,32,4,output,1125128
0,32,5,output,1125128
0,32,6,output,1125128
0,32,7,output,1125128
0,32,8,output,1125128
0,32,9,output,1125128
0,32,10,output,1125128
0,32,11,output,1125128
0,32,12,output,1125128
0,32,13,output,1125128
0,32,14,output,1125128
0,32,15,output,1125128
0,32,16,output,1125128
0,32,17,output,1125128
0,39,1,SYSTEM:ExtraMonitor,488476
0,39,2,output,1125128
0,39,3,output,1125128
0,39,4,output,1125128
0,39,5,output,1125128
0,39,6,output,1125128
0,39,7,output,1125128
0,39,8,output,1125128
0,39,9,output,1125128
0,39,10,output,1125128
0,39,11,output,1125128
0,39,12,output,1125128
0,39,13,output,1125128
0,39,14,output,1125128
0,39,15,output,1125128
0,39,16,output,1125128
0,39,17,output,1125128
0,46,1,SYSTEM:ExtraMonitor,488476
0,53,1,SYSTEM:ExtraMonitor,488476
0,12,1,SYSTEM:ExtraMonitor,488476
0,12,2,output,1125128
0,12,3,output,1125128
0,12,4,output,1125128
0,12,5,output,1125128
0,12,6,output,1125128
0,12,7,output,1125128
0,12,8,output,1125128
0,12,9,output,1125128
0,12,10,output,1125128
0,12,11,output,1125128
0,12,12,output,1125128
0,12,13,output,1125128
0,12,14,output,1125128
0,12,15,output,1125128
0,12,16,output,1125128
0,12,17,output,1125128
0,19,1,SYSTEM:ExtraMonitor,488476
0,19,2,output,1125128
0,19,3,output,1125128
0,19,4,output,1125128
0,19,5,output,1125128
0,19,6,output,1125128
0,19,7,output,1125128
0,19,8,output,1125128
0,19,9,output,1125128
0,19,10,output,1125128
0,19,11,output,1125128
0,19,12,output,1125128
0,19,13,output,1125128
0,19,14,output,1125128
0,19,15,output,1125128
0,19,16,output,1125128
0,26,1,SYSTEM:ExtraMonitor,488476
0,26,2,output,1125128
0,26,3,output,1125128
0,26,4,output,1125128
0,26,5,output,1125128
0,26,6,output,1125128
0,26,7,output,1125128
0,26,8,output,1125128
0,26,9,output,1125128
0,26,10,output,1125128
0,26,11,output,1125128
0,26,12,output,1125128
0,26,13,output,1125128
0,26,14,output,1125128
0,26,15,output,1125128
0,26,16,output,1125128
0,26,17,output,1125128
0,33,1,SYSTEM:ExtraMonitor,488476
0,33,2,output,1125128
0,33,3,output,1125128
0,33,4,output,1125128
0,33,5,output,1125128
0,33,6,output,1125128
0,33,7,output,1125128
0,33,8,output,1125128
0,33,9,output,1125128
0,33,10,output,1125128
0,33,11,output,1125128
0,33,12,output,1125128
0,33,13,output,1125128
0,33,14,output,1125128
0,33,15,output,1125128
0,33,16,output,1125128
0,40,1,SYSTEM:ExtraMonitor,488476
0,40,2,output,1125128
0,40,3,output,1125128
0,40,4,output,1125128
0,40,5,output,1125128
0,40,6,output,1125128
0,40,7,output,1125128
0,40,8,output,1125128
0,40,9,output,1125128
0,40,10,output,1125128
0,40,11,output,1125128
0,40,12,output,1125128
0,40,13,output,1125128
0,40,14,output,1125128
0,40,15,output,1125128
0,40,16,output,1125128
0,40,17,output,1125128
0,54,1,SYSTEM:ExtraMonitor,488476
0,20,1,SYSTEM:ExtraMonitor,488476
0,20,2,output,1125128
0,20,3,output,1125128
0,20,4,output,1125128
0,20,5,output,1125128
0,20,6,output,1125128
0,20,7,output,1125128
0,20,8,output,1125128
0,20,9,output,1125128
0,20,10,output,1125128
0,27,1,SYSTEM:ExtraMonitor,488476
0,34,1,SYSTEM:ExtraMonitor,488476
0,41,1,SYSTEM:ExtraMonitor,488476
0,48,1,SYSTEM:ExtraMonitor,488476
0,55,1,SYSTEM:ExtraMonitor,488476
0,28,1,SYSTEM:ExtraMonitor,488476
0,35,1,SYSTEM:ExtraMonitor,488476
0,42,1,SYSTEM:ExtraMonitor,488476
0,49,1,SYSTEM:ExtraMonitor,488476
0,56,1,SYSTEM:ExtraMonitor,488476
