Recording,Pipeline,Latency,Error,MinError,MaxSpeed,MeanSpeed,DlydReps
Synthetic_73x57_high_241110_150215_v1,gpu,8,3.15,1.657,0.432,0.31,0
Synthetic_73x57_high_241110_150227_v1,gpu,6,2.738,1.509,0.445,0.31,0
Synthetic_73x57_high_241110_150240_v1,gpu,7,2.982,1.657,0.438,0.309,0
Synthetic_73x57_high_241110_150252_v1,gpu,6,2.902,1.637,0.469,0.323,0
Synthetic_73x57_high_241110_150305_v1,gpu,8,3.165,1.651,0.432,0.308,0
Synthetic_85x64_high_241110_150432_v1,gpu,8,3.129,1.47,0.446,0.324,0
Synthetic_85x64_high_241110_150445_v1,gpu,7,2.71,1.301,0.44,0.331,0
Synthetic_85x64_high_241110_150457_v1,gpu,5,2.441,1.206,0.459,0.346,0
Synthetic_85x64_high_241110_150510_v1,gpu,8,3.065,1.447,0.431,0.325,0
Synthetic_85x64_high_241110_150522_v1,gpu,6,2.397,1.178,0.449,0.338,0
Synthetic_96x70_high_241110_150652_v1,gpu,6,2.807,1.377,0.455,0.351,0
Synthetic_96x70_high_241110_150704_v1,gpu,7,2.833,1.346,0.431,0.342,0
Synthetic_96x70_high_241110_150717_v1,gpu,7,2.917,1.332,0.431,0.346,0
Synthetic_96x70_high_241110_150729_v1,gpu,8,3.431,1.733,0.44,0.342,0
Synthetic_96x70_high_241110_150742_v1,gpu,8,3.42,1.677,0.442,0.343,0
Synthetic_106x76_high_241110_150913_v1,gpu,7,2.77,1.386,0.42,0.344,0
Synthetic_106x76_high_241110_150926_v1,gpu,7,2.873,1.375,0.434,0.35,0
Synthetic_106x76_high_241110_150938_v1,gpu,8,3.53,1.804,0.415,0.35,0
Synthetic_106x76_high_241110_150951_v1,gpu,8,3.199,1.481,0.425,0.346,0
Synthetic_106x76_high_241110_151003_v1,gpu,7,3.157,1.678,0.454,0.361,0
Synthetic_115x81_high_241110_151137_v1,gpu,7,2.887,1.388,0.429,0.35,0
Synthetic_115x81_high_241110_151149_v1,gpu,7,2.874,1.35,0.435,0.354,0
Synthetic_115x81_high_241110_151202_v1,gpu,7,2.903,1.343,0.433,0.35,0
Synthetic_115x81_high_241110_151214_v1,gpu,6,2.788,1.346,0.463,0.367,0
Synthetic_115x81_high_241110_151226_v1,gpu,8,3.179,1.481,0.463,0.353,0
Synthetic_124x86_high_241110_151402_v1,gpu,6,2.546,1.146,0.446,0.368,0
Synthetic_124x86_high_241110_151415_v1,gpu,7,3.065,1.408,0.453,0.356,0
Synthetic_124x86_high_241110_151427_v1,gpu,6,2.655,1.181,0.452,0.363,0
Synthetic_124x86_high_241110_151440_v1,gpu,7,2.695,1.192,0.432,0.364,0
Synthetic_124x86_high_241110_151452_v1,gpu,7,2.776,1.193,0.414,0.356,0
Synthetic_131x91_high_241110_151629_v1,gpu,7,2.66,1.188,0.429,0.359,0
Synthetic_131x91_high_241110_151641_v1,gpu,6,2.697,1.229,0.469,0.37,0
Synthetic_131x91_high_241110_151654_v1,gpu,7,2.771,1.145,0.411,0.363,0
Synthetic_131x91_high_241110_151706_v1,gpu,7,2.567,1.11,0.427,0.355,0
Synthetic_131x91_high_241110_151719_v1,gpu,6,2.767,1.255,0.456,0.374,0
Synthetic_139x96_high_241110_151857_v1,gpu,7,2.91,1.204,0.427,0.367,0
Synthetic_139x96_high_241110_151910_v1,gpu,7,2.856,1.225,0.433,0.37,0
Synthetic_139x96_high_241110_151922_v1,gpu,7,2.812,1.211,0.428,0.358,0
Synthetic_139x96_high_241110_151934_v1,gpu,6,2.431,0.997,0.446,0.379,0
Synthetic_139x96_high_241110_151947_v1,gpu,6,2.627,1.122,0.464,0.368,0
Synthetic_146x100_high_241110_152128_v1,gpu,6,2.454,1.009,0.43,0.36,0
Synthetic_146x100_high_241110_152140_v1,gpu,7,2.686,1.071,0.44,0.365,0
Synthetic_146x100_high_241110_152153_v1,gpu,7,2.631,1.066,0.417,0.365,0
Synthetic_146x100_high_241110_152205_v1,gpu,7,2.72,1.102,0.434,0.369,0
Synthetic_146x100_high_241110_152218_v1,gpu,6,2.444,0.953,0.427,0.369,0
Synthetic_153x104_high_241110_152400_v1,gpu,6,2.535,0.968,0.442,0.367,0
Synthetic_153x104_high_241110_152413_v1,gpu,6,2.625,1.005,0.449,0.38,0
Synthetic_153x104_high_241110_152425_v1,gpu,6,2.463,0.94,0.447,0.374,0
Synthetic_153x104_high_241110_152437_v1,gpu,6,2.472,0.966,0.432,0.366,0
Synthetic_153x104_high_241110_152450_v1,gpu,6,2.422,0.951,0.449,0.37,0
Synthetic_160x108_high_241110_152634_v1,gpu,6,2.551,0.94,0.447,0.375,0
Synthetic_160x108_high_241110_152647_v1,gpu,7,2.636,0.963,0.427,0.367,0
Synthetic_160x108_high_241110_152659_v1,gpu,6,2.349,0.91,0.436,0.366,0
Synthetic_160x108_high_241110_152712_v1,gpu,6,2.513,0.96,0.423,0.372,0
Synthetic_160x108_high_241110_152724_v1,gpu,6,2.428,0.891,0.442,0.377,0
Synthetic_166x112_high_241110_152911_v1,gpu,6,2.595,0.868,0.446,0.382,0
Synthetic_166x112_high_241110_152923_v1,gpu,6,2.547,0.869,0.433,0.366,0
Synthetic_166x112_high_241110_152936_v1,gpu,7,2.548,0.879,0.423,0.367,0
Synthetic_166x112_high_241110_152948_v1,gpu,6,2.608,0.911,0.445,0.373,0
Synthetic_166x112_high_241110_153001_v1,gpu,6,2.528,0.87,0.441,0.369,0
Synthetic_172x115_high_241110_153149_v1,gpu,6,2.609,0.871,0.461,0.378,0
Synthetic_172x115_high_241110_153202_v1,gpu,6,2.538,0.888,0.417,0.365,0
Synthetic_172x115_high_241110_153214_v1,gpu,7,2.639,0.872,0.438,0.371,0
Synthetic_172x115_high_241110_153227_v1,gpu,7,2.701,0.93,0.435,0.381,0
Synthetic_172x115_high_241110_153239_v1,gpu,6,2.673,0.901,0.468,0.386,0
Synthetic_178x119_high_241110_153430_v1,gpu,7,2.655,0.874,0.411,0.363,0
Synthetic_178x119_high_241110_153442_v1,gpu,7,2.781,0.873,0.452,0.382,0
Synthetic_178x119_high_241110_153455_v1,gpu,7,2.732,0.886,0.424,0.375,0
Synthetic_178x119_high_241110_153507_v1,gpu,7,2.698,0.857,0.436,0.372,0
Synthetic_178x119_high_241110_153520_v1,gpu,7,2.773,0.91,0.462,0.385,0
Synthetic_184x122_high_241110_153711_v1,gpu,7,2.778,0.778,0.444,0.374,0
Synthetic_184x122_high_241110_153724_v1,gpu,7,2.903,0.812,0.428,0.381,0
Synthetic_184x122_high_241110_153736_v1,gpu,7,2.916,0.852,0.466,0.383,0
Synthetic_184x122_high_241110_153748_v1,gpu,7,2.865,0.809,0.457,0.38,0
Synthetic_184x122_high_241110_153801_v1,gpu,7,2.912,0.839,0.429,0.383,0
Synthetic_189x125_high_241110_153955_v1,gpu,8,3.044,0.873,0.445,0.377,0
Synthetic_189x125_high_241110_154007_v1,gpu,8,2.986,0.881,0.426,0.364,0
Synthetic_189x125_high_241110_154019_v1,gpu,8,3.155,0.874,0.459,0.388,0
Synthetic_189x125_high_241110_154032_v1,gpu,8,3.023,0.881,0.438,0.379,0
Synthetic_189x125_high_241110_154044_v1,gpu,8,3.014,0.886,0.414,0.375,0
Synthetic_195x129_high_241110_154240_v1,gpu,8,3.278,0.88,0.438,0.378,0
Synthetic_195x129_high_241110_154253_v1,gpu,8,3.351,0.9,0.467,0.386,0
Synthetic_195x129_high_241110_154305_v1,gpu,8,3.244,0.889,0.453,0.377,0
Synthetic_195x129_high_241110_154317_v1,gpu,8,3.288,0.895,0.428,0.375,0
Synthetic_195x129_high_241110_154330_v1,gpu,8,3.327,0.911,0.438,0.38,0
Synthetic_200x132_high_241110_154528_v1,gpu,9,3.419,0.836,0.433,0.37,0
Synthetic_200x132_high_241110_154540_v1,gpu,9,3.404,0.814,0.416,0.369,0
Synthetic_200x132_high_241110_154553_v1,gpu,9,3.5,0.874,0.45,0.383,0
Synthetic_200x132_high_241110_154606_v1,gpu,9,3.442,0.834,0.43,0.368,0
Synthetic_200x132_high_241110_154618_v1,gpu,9,3.366,0.829,0.409,0.368,0
Synthetic_205x135_high_241110_154817_v1,gpu,10,3.817,0.961,0.446,0.378,0
Synthetic_205x135_high_241110_154829_v1,gpu,10,3.696,0.937,0.444,0.37,0
Synthetic_205x135_high_241110_154842_v1,gpu,10,3.801,0.942,0.441,0.381,0
Synthetic_205x135_high_241110_154855_v1,gpu,10,3.79,0.946,0.443,0.374,0
Synthetic_205x135_high_241110_154907_v1,gpu,10,3.715,0.957,0.432,0.373,0
Synthetic_210x138_high_241110_155109_v1,gpu,10,4.079,0.903,0.454,0.38,0
Synthetic_210x138_high_241110_155121_v1,gpu,10,4.09,0.944,0.44,0.383,0
Synthetic_210x138_high_241110_155134_v1,gpu,10,4.101,0.936,0.444,0.386,0
Synthetic_210x138_high_241110_155146_v1,gpu,10,4.04,0.942,0.452,0.383,0
Synthetic_210x138_high_241110_155159_v1,gpu,10,3.987,0.91,0.447,0.377,0
Synthetic_215x141_high_241110_155402_v1,gpu,11,4.279,0.905,0.438,0.379,0
Synthetic_215x141_high_241110_155414_v1,gpu,11,4.305,0.899,0.443,0.377,0
Synthetic_215x141_high_241110_155427_v1,gpu,11,4.406,0.916,0.421,0.382,0
Synthetic_215x141_high_241110_155439_v1,gpu,11,4.349,0.942,0.463,0.382,0
Synthetic_215x141_high_241110_155452_v1,gpu,11,4.336,0.909,0.438,0.385,0
Synthetic_220x143_high_241110_155657_v1,gpu,12,4.555,0.928,0.464,0.383,0
Synthetic_220x143_high_241110_155709_v1,gpu,12,4.51,0.933,0.443,0.375,0
Synthetic_220x143_high_241110_155721_v1,gpu,12,4.512,0.901,0.425,0.375,0
Synthetic_220x143_high_241110_155734_v1,gpu,12,4.797,0.963,0.447,0.396,0
Synthetic_220x143_high_241110_155746_v1,gpu,12,4.719,0.951,0.463,0.393,0
Synthetic_225x146_high_241110_155953_v1,gpu,13,4.799,0.895,0.427,0.373,0
Synthetic_225x146_high_241110_160005_v1,gpu,13,4.948,0.922,0.428,0.376,0
Synthetic_225x146_high_241110_160018_v1,gpu,13,4.962,0.948,0.456,0.383,0
Synthetic_225x146_high_241110_160030_v1,gpu,13,4.926,0.925,0.443,0.383,0
Synthetic_225x146_high_241110_160043_v1,gpu,13,4.994,0.909,0.43,0.38,0
Synthetic_229x149_high_241110_160251_v1,gpu,13,5.167,0.942,0.425,0.378,0
Synthetic_229x149_high_241110_160304_v1,gpu,13,5.375,0.976,0.465,0.397,0
Synthetic_229x149_high_241110_160316_v1,gpu,14,5.28,0.943,0.442,0.383,0
Synthetic_229x149_high_241110_160329_v1,gpu,13,5.142,0.927,0.43,0.375,0
Synthetic_229x149_high_241110_160341_v1,gpu,13,5.066,0.929,0.422,0.372,0
Synthetic_234x152_high_241110_160552_v1,gpu,15,5.529,1.015,0.437,0.376,0
Synthetic_234x152_high_241110_160605_v1,gpu,14,5.567,1.014,0.452,0.384,0
Synthetic_234x152_high_241110_160617_v1,gpu,14,5.624,1.014,0.457,0.39,0
Synthetic_234x152_high_241110_160629_v1,gpu,14,5.404,0.982,0.411,0.374,0
Synthetic_234x152_high_241110_160642_v1,gpu,14,5.381,1.003,0.45,0.374,0
Synthetic_238x154_high_241110_160854_v1,gpu,15,5.878,1.031,0.437,0.382,0
Synthetic_238x154_high_241110_160907_v1,gpu,15,5.641,1.009,0.41,0.371,0
Synthetic_238x154_high_241110_160919_v1,gpu,15,5.955,1.045,0.448,0.39,0
Synthetic_238x154_high_241110_160932_v1,gpu,15,5.855,1.026,0.416,0.382,0
Synthetic_238x154_high_241110_160944_v1,gpu,15,5.817,1.027,0.438,0.379,0
Synthetic_243x157_high_241110_161159_v1,gpu,18,6.447,3.403,0.424,0.374,0
Synthetic_243x157_high_241110_161212_v1,gpu,13,5.856,3.131,0.42,0.373,0
Synthetic_243x157_high_241110_161224_v1,gpu,14,6.253,3.076,0.442,0.382,0
Synthetic_243x157_high_241110_161237_v1,gpu,14,6.318,2.96,0.44,0.39,0
Synthetic_243x157_high_241110_161249_v1,gpu,14,6.137,3.004,0.43,0.378,0
Synthetic_251x162_high_241110_161506_v1,gpu,18,7.41,3.966,0.457,0.39,0
Synthetic_251x162_high_241110_161519_v1,gpu,15,6.778,3.61,0.44,0.386,0
Synthetic_251x162_high_241110_161532_v1,gpu,19,7.448,3.927,0.459,0.39,0
Synthetic_251x162_high_241110_161544_v1,gpu,15,6.695,3.707,0.444,0.381,0
Synthetic_251x162_high_241110_161557_v1,gpu,15,6.925,3.385,0.443,0.386,0
Synthetic_256x165_high_241110_162732_v1,gpu,19,7.393,1.222,0.465,0.388,0
Synthetic_256x165_high_241110_162744_v1,gpu,19,7.224,1.172,0.421,0.38,0
Synthetic_256x165_high_241110_162757_v1,gpu,19,7.467,1.177,0.461,0.388,0
Synthetic_256x165_high_241110_162810_v1,gpu,19,7.297,1.138,0.425,0.382,0
Synthetic_256x165_high_241110_162822_v1,gpu,19,7.227,1.177,0.421,0.383,0
Synthetic_73x57_high_241110_165202_v1,gpu,9,0.92,0.664,0.097,0.077,0
Synthetic_73x57_high_241110_165226_v1,gpu,7,0.797,0.65,0.09,0.072,0
Synthetic_73x57_high_241110_165239_v1,gpu,8,0.78,0.666,0.08,0.062,0
Synthetic_73x57_high_241110_165251_v1,gpu,7,0.979,0.698,0.128,0.104,0
Synthetic_85x64_high_241110_165459_v1,gpu,9,0.698,0.568,0.077,0.058,0
Synthetic_85x64_high_241110_165511_v1,gpu,7,0.948,0.56,0.156,0.123,0
Synthetic_85x64_high_241110_165523_v1,gpu,9,0.738,0.543,0.092,0.068,0
Synthetic_85x64_high_241110_165536_v1,gpu,7,0.678,0.518,0.091,0.076,0
Synthetic_85x64_high_241110_165548_v1,gpu,7,0.667,0.522,0.09,0.073,0
Synthetic_96x70_high_241110_165758_v1,gpu,9,0.774,0.604,0.091,0.069,0
Synthetic_96x70_high_241110_165823_v1,gpu,8,0.974,0.645,0.124,0.104,0
Synthetic_96x70_high_241110_165835_v1,gpu,8,0.743,0.602,0.083,0.064,0
Synthetic_96x70_high_241110_165847_v1,gpu,8,0.85,0.584,0.106,0.085,0
Synthetic_106x76_high_241110_170100_v1,gpu,8,1.13,0.665,0.161,0.127,0
Synthetic_106x76_high_241110_170149_v1,gpu,8,1.301,0.754,0.161,0.133,0
Synthetic_115x81_high_241110_170403_v1,gpu,7,0.989,0.68,0.127,0.109,0
Synthetic_115x81_high_241110_170416_v1,gpu,9,1.139,0.767,0.119,0.103,0
Synthetic_115x81_high_241110_170428_v1,gpu,7,1.027,0.646,0.156,0.135,0
Synthetic_73x57_high_241110_171112_v1,gpu,9,1.263,0.81,0.138,0.119,0
Synthetic_73x57_high_241110_171124_v1,gpu,9,0.813,0.651,0.081,0.067,0
Synthetic_73x57_high_241110_171136_v1,gpu,9,0.803,0.739,0.072,0.049,0
Synthetic_73x57_high_241110_171148_v1,gpu,9,1.323,0.781,0.155,0.128,0
Synthetic_73x57_high_241110_171200_v1,gpu,10,1.015,0.702,0.103,0.084,0
Synthetic_85x64_high_241110_171409_v1,gpu,8,0.638,0.585,0.066,0.046,0
Synthetic_85x64_high_241110_171421_v1,gpu,8,0.781,0.504,0.106,0.084,0
Synthetic_85x64_high_241110_171433_v1,gpu,7,0.66,0.504,0.087,0.073,0
Synthetic_85x64_high_241110_171445_v1,gpu,8,0.792,0.527,0.104,0.088,0
Synthetic_85x64_high_241110_171457_v1,gpu,7,0.941,0.56,0.136,0.115,0
Synthetic_96x70_high_241110_171721_v1,gpu,7,0.726,0.585,0.086,0.07,0
Synthetic_96x70_high_241110_171733_v1,gpu,9,1.197,0.784,0.13,0.11,0
Synthetic_96x70_high_241110_171745_v1,gpu,10,1.025,0.637,0.106,0.088,0
Synthetic_96x70_high_241110_171757_v1,gpu,9,0.821,0.613,0.089,0.073,0
Synthetic_106x76_high_241110_172010_v1,gpu,8,0.911,0.6,0.109,0.093,0
Synthetic_106x76_high_241110_172022_v1,gpu,8,0.974,0.657,0.121,0.095,0
Synthetic_106x76_high_241110_172034_v1,gpu,9,0.873,0.633,0.091,0.077,0
Synthetic_106x76_high_241110_172046_v1,gpu,7,1.001,0.64,0.141,0.122,0
Synthetic_106x76_high_241110_172058_v1,gpu,8,0.975,0.664,0.122,0.105,0
Synthetic_115x81_high_241110_172314_v1,gpu,8,1.254,0.81,0.141,0.125,0
Synthetic_115x81_high_241110_172326_v1,gpu,9,0.871,0.619,0.09,0.075,0
Synthetic_115x81_high_241110_172338_v1,gpu,9,1.345,0.818,0.146,0.123,0
Synthetic_115x81_high_241110_172402_v1,gpu,8,0.679,0.623,0.063,0.042,0
Synthetic_124x86_high_241110_172619_v1,gpu,8,0.954,0.596,0.119,0.101,0
Synthetic_124x86_high_241110_172631_v1,gpu,8,0.646,0.578,0.068,0.051,0
Synthetic_124x86_high_241110_172643_v1,gpu,7,1.048,0.667,0.141,0.126,0
Synthetic_124x86_high_241110_172655_v1,gpu,8,1.328,0.75,0.156,0.135,0
Synthetic_124x86_high_241110_172708_v1,gpu,8,1.063,0.663,0.13,0.113,0
Synthetic_131x91_high_241110_172938_v1,gpu,7,0.769,0.534,0.106,0.085,0
Synthetic_131x91_high_241110_172950_v1,gpu,8,0.666,0.551,0.086,0.06,0
Synthetic_131x91_high_241110_173002_v1,gpu,7,0.788,0.521,0.112,0.094,0
Synthetic_131x91_high_241110_173014_v1,gpu,8,0.85,0.55,0.112,0.095,0
Synthetic_139x96_high_241110_173234_v1,gpu,7,0.902,0.571,0.127,0.11,0
Synthetic_139x96_high_241110_173246_v1,gpu,8,0.995,0.586,0.136,0.118,0
Synthetic_139x96_high_241110_173258_v1,gpu,8,0.771,0.543,0.1,0.08,0
Synthetic_139x96_high_241110_173310_v1,gpu,9,0.675,0.596,0.075,0.047,0
Synthetic_139x96_high_241110_173322_v1,gpu,7,0.723,0.571,0.09,0.07,0
Synthetic_146x100_high_241110_173545_v1,gpu,8,1.012,0.524,0.136,0.115,0
Synthetic_146x100_high_241110_173557_v1,gpu,8,1.042,0.57,0.134,0.118,0
Synthetic_146x100_high_241110_173609_v1,gpu,8,0.643,0.507,0.087,0.065,0
Synthetic_146x100_high_241110_173621_v1,gpu,4,0.525,0.508,0.073,0.048,0
Synthetic_146x100_high_241110_173633_v1,gpu,6,0.566,0.504,0.082,0.06,0
Synthetic_153x104_high_241110_173909_v1,gpu,7,0.63,0.568,0.078,0.054,0
Synthetic_153x104_high_241110_173921_v1,gpu,5,0.592,0.543,0.086,0.061,0
Synthetic_153x104_high_241110_173933_v1,gpu,3,0.559,0.55,0.075,0.051,0
Synthetic_153x104_high_241110_173945_v1,gpu,7,0.839,0.536,0.133,0.113,0
Synthetic_160x108_high_241110_174212_v1,gpu,9,0.671,0.558,0.08,0.056,0
Synthetic_160x108_high_241110_174224_v1,gpu,6,0.904,0.559,0.15,0.13,0
Synthetic_160x108_high_241110_174236_v1,gpu,8,0.986,0.546,0.128,0.11,0
Synthetic_160x108_high_241110_174248_v1,gpu,8,1.082,0.599,0.137,0.121,0
Synthetic_160x108_high_241110_174300_v1,gpu,7,0.719,0.537,0.097,0.077,0
Synthetic_166x112_high_241110_174528_v1,gpu,6,0.764,0.522,0.121,0.104,0
Synthetic_166x112_high_241110_174540_v1,gpu,5,0.586,0.54,0.085,0.062,0
Synthetic_166x112_high_241110_174604_v1,gpu,6,0.85,0.536,0.134,0.119,0
Synthetic_166x112_high_241110_174616_v1,gpu,7,0.877,0.539,0.135,0.119,0
Synthetic_172x115_high_241110_174847_v1,gpu,7,0.793,0.535,0.121,0.104,0
Synthetic_172x115_high_241110_174859_v1,gpu,6,0.689,0.522,0.104,0.083,0
Synthetic_172x115_high_241110_174911_v1,gpu,8,1.143,0.591,0.147,0.132,0
Synthetic_172x115_high_241110_174923_v1,gpu,8,0.976,0.537,0.133,0.115,0
Synthetic_172x115_high_241110_174935_v1,gpu,8,0.804,0.525,0.104,0.083,0
Synthetic_178x119_high_241110_175207_v1,gpu,6,0.646,0.519,0.093,0.074,0
Synthetic_178x119_high_241110_175219_v1,gpu,6,0.749,0.537,0.111,0.092,0
Synthetic_178x119_high_241110_175231_v1,gpu,8,0.843,0.555,0.113,0.093,0
Synthetic_178x119_high_241110_175243_v1,gpu,8,0.962,0.555,0.124,0.108,0
Synthetic_178x119_high_241110_175255_v1,gpu,8,0.775,0.535,0.098,0.076,0
Synthetic_184x122_high_241110_175529_v1,gpu,9,0.653,0.585,0.071,0.047,0
Synthetic_184x122_high_241110_175541_v1,gpu,8,1.112,0.559,0.157,0.137,0
Synthetic_184x122_high_241110_175553_v1,gpu,9,1.175,0.599,0.146,0.125,0
Synthetic_184x122_high_241110_175605_v1,gpu,8,1.026,0.548,0.143,0.126,0
Synthetic_184x122_high_241110_175617_v1,gpu,8,1.163,0.632,0.145,0.128,0
Synthetic_189x125_high_241110_175904_v1,gpu,8,0.79,0.621,0.096,0.076,0
Synthetic_189x125_high_241110_175916_v1,gpu,7,0.654,0.608,0.072,0.05,0
Synthetic_189x125_high_241110_175928_v1,gpu,8,0.839,0.563,0.111,0.091,0
Synthetic_189x125_high_241110_175940_v1,gpu,10,0.706,0.628,0.062,0.043,0
Synthetic_195x129_high_241110_180218_v1,gpu,8,1.095,0.631,0.138,0.122,0
Synthetic_195x129_high_241110_180230_v1,gpu,9,0.779,0.548,0.092,0.072,0
Synthetic_195x129_high_241110_180242_v1,gpu,8,0.651,0.583,0.072,0.048,0
Synthetic_195x129_high_241110_180254_v1,gpu,9,0.828,0.544,0.098,0.077,0
Synthetic_195x129_high_241110_180306_v1,gpu,9,0.965,0.665,0.107,0.087,0
Synthetic_200x132_high_241110_180545_v1,gpu,12,0.73,0.574,0.078,0.052,0
Synthetic_200x132_high_241110_180557_v1,gpu,9,1.22,0.557,0.155,0.128,0
Synthetic_200x132_high_241110_180609_v1,gpu,6,0.566,0.496,0.081,0.057,0
Synthetic_200x132_high_241110_180621_v1,gpu,9,0.884,0.498,0.114,0.09,0
Synthetic_205x135_high_241110_180915_v1,gpu,6,0.809,0.748,0.078,0.058,0
Synthetic_205x135_high_241110_180927_v1,gpu,10,0.983,0.545,0.117,0.093,0
Synthetic_205x135_high_241110_180939_v1,gpu,8,0.771,0.622,0.089,0.066,0
Synthetic_205x135_high_241110_181003_v1,gpu,9,1.036,0.681,0.113,0.092,0
Synthetic_210x138_high_241110_181246_v1,gpu,10,0.879,0.518,0.102,0.077,0
Synthetic_210x138_high_241110_181258_v1,gpu,10,1.224,0.615,0.137,0.122,0
Synthetic_210x138_high_241110_181310_v1,gpu,10,1.029,0.543,0.113,0.098,0
Synthetic_210x138_high_241110_181322_v1,gpu,9,0.91,0.656,0.101,0.083,0
Synthetic_215x141_high_241110_181620_v1,gpu,11,1.242,0.569,0.126,0.106,0
Synthetic_215x141_high_241110_181632_v1,gpu,13,1.065,0.634,0.092,0.072,0
Synthetic_215x141_high_241110_181644_v1,gpu,12,0.987,0.526,0.094,0.076,0
Synthetic_215x141_high_241110_181656_v1,gpu,13,0.698,0.537,0.066,0.043,0
Synthetic_215x141_high_241110_181708_v1,gpu,10,0.999,0.528,0.114,0.09,0
Synthetic_220x143_high_241110_181954_v1,gpu,11,1.223,0.569,0.122,0.105,0
Synthetic_220x143_high_241110_182006_v1,gpu,11,1.451,0.588,0.136,0.122,0
Synthetic_220x143_high_241110_182018_v1,gpu,12,0.906,0.559,0.087,0.063,0
Synthetic_220x143_high_241110_182030_v1,gpu,11,1.054,0.498,0.105,0.089,0
Synthetic_220x143_high_241110_182042_v1,gpu,11,1.436,0.651,0.149,0.131,0
Synthetic_225x146_high_241110_182331_v1,gpu,12,1.371,0.569,0.133,0.115,0
Synthetic_225x146_high_241110_182343_v1,gpu,12,0.862,0.506,0.087,0.063,0
Synthetic_225x146_high_241110_182355_v1,gpu,11,0.736,0.555,0.077,0.053,0
Synthetic_225x146_high_241110_182407_v1,gpu,12,0.946,0.52,0.094,0.071,0
Synthetic_225x146_high_241110_182419_v1,gpu,12,0.955,0.515,0.094,0.072,0
Synthetic_229x149_high_241110_182709_v1,gpu,13,1.432,0.517,0.125,0.112,0
Synthetic_229x149_high_241110_182721_v1,gpu,13,1.497,0.526,0.128,0.114,0
Synthetic_229x149_high_241110_182733_v1,gpu,13,1.617,0.538,0.14,0.126,0
Synthetic_229x149_high_241110_182745_v1,gpu,13,1.26,0.478,0.111,0.094,0
Synthetic_229x149_high_241110_182757_v1,gpu,14,1.762,0.548,0.152,0.131,0
Synthetic_234x152_high_241110_183050_v1,gpu,14,1.645,0.616,0.145,0.118,0
Synthetic_234x152_high_241110_183102_v1,gpu,13,1.272,0.588,0.113,0.096,0
Synthetic_234x152_high_241110_183114_v1,gpu,16,0.952,0.605,0.075,0.053,0
Synthetic_234x152_high_241110_183138_v1,gpu,14,1.439,0.596,0.127,0.105,0
Synthetic_238x154_high_241110_183432_v1,gpu,15,1.849,0.598,0.148,0.127,0
Synthetic_238x154_high_241110_183444_v1,gpu,14,1.038,0.522,0.094,0.073,0
Synthetic_238x154_high_241110_183456_v1,gpu,15,1.686,0.584,0.139,0.111,0
Synthetic_238x154_high_241110_183520_v1,gpu,14,1.967,0.618,0.164,0.138,0
Synthetic_247x160_high_241110_184806_v1,gpu,18,1.24,0.498,0.087,0.067,0
Synthetic_247x160_high_241110_184819_v1,gpu,15,1.014,0.516,0.089,0.063,0
Synthetic_247x160_high_241110_184831_v1,gpu,17,1.964,0.577,0.133,0.115,0
Synthetic_247x160_high_241110_184843_v1,gpu,16,0.905,0.522,0.078,0.054,0
Synthetic_247x160_high_241110_184855_v1,gpu,16,1.005,0.517,0.084,0.062,0
Synthetic_73x57_high_241110_185949_v1,gpu,8,0.856,0.639,0.101,0.08,0
Synthetic_73x57_high_241110_190001_v1,gpu,8,0.983,0.674,0.126,0.098,0
Synthetic_73x57_high_241110_190014_v1,gpu,7,0.756,0.666,0.084,0.064,0
Synthetic_73x57_high_241110_190026_v1,gpu,7,0.767,0.677,0.08,0.064,0
Synthetic_85x64_high_241110_190249_v1,gpu,9,0.675,0.571,0.073,0.057,0
Synthetic_85x64_high_241110_190302_v1,gpu,9,1.234,0.714,0.148,0.121,0
Synthetic_85x64_high_241110_190314_v1,gpu,9,0.7,0.607,0.076,0.053,0
Synthetic_85x64_high_241110_190326_v1,gpu,6,0.607,0.567,0.071,0.049,0
Synthetic_85x64_high_241110_190339_v1,gpu,7,0.629,0.559,0.072,0.054,0
Synthetic_96x70_high_241110_190552_v1,gpu,7,1,0.639,0.139,0.12,0
Synthetic_96x70_high_241110_190604_v1,gpu,8,0.835,0.612,0.094,0.077,0
Synthetic_96x70_high_241110_190616_v1,gpu,10,1.012,0.625,0.11,0.092,0
Synthetic_96x70_high_241110_190641_v1,gpu,7,0.745,0.573,0.095,0.077,0
Synthetic_106x76_high_241110_190857_v1,gpu,8,0.909,0.634,0.114,0.093,0
Synthetic_106x76_high_241110_190909_v1,gpu,8,1.12,0.736,0.137,0.115,0
Synthetic_106x76_high_241110_190934_v1,gpu,8,0.962,0.646,0.123,0.103,0
Synthetic_106x76_high_241110_190946_v1,gpu,9,0.774,0.614,0.085,0.063,0
Synthetic_115x81_high_241110_191217_v1,gpu,6,0.772,0.621,0.098,0.08,0
Synthetic_115x81_high_241110_191242_v1,gpu,8,1.002,0.691,0.125,0.106,0
Synthetic_124x86_high_241110_191527_v1,gpu,9,1.021,0.645,0.116,0.096,0
Synthetic_124x86_high_241110_191540_v1,gpu,8,0.679,0.557,0.081,0.063,0
Synthetic_124x86_high_241110_191552_v1,gpu,10,0.991,0.615,0.109,0.088,0
Synthetic_124x86_high_241110_191605_v1,gpu,3,0.565,0.558,0.069,0.048,0
Synthetic_131x91_high_241110_191827_v1,gpu,7,0.678,0.541,0.089,0.071,0
Synthetic_131x91_high_241110_191840_v1,gpu,8,0.757,0.553,0.089,0.073,0
Synthetic_131x91_high_241110_191852_v1,gpu,9,0.946,0.61,0.111,0.09,0
Synthetic_131x91_high_241110_191904_v1,gpu,9,1.178,0.697,0.137,0.117,0
Synthetic_131x91_high_241110_191917_v1,gpu,7,1,0.627,0.147,0.121,0
Synthetic_139x96_high_241110_192208_v1,gpu,8,0.731,0.56,0.091,0.07,0
Synthetic_139x96_high_241110_192220_v1,gpu,8,0.739,0.533,0.092,0.073,0
Synthetic_139x96_high_241110_192233_v1,gpu,8,0.86,0.58,0.106,0.087,0
Synthetic_146x100_high_241110_192500_v1,gpu,7,0.612,0.501,0.087,0.063,0
Synthetic_146x100_high_241110_192513_v1,gpu,8,0.716,0.471,0.096,0.074,0
Synthetic_146x100_high_241110_192525_v1,gpu,8,0.858,0.515,0.12,0.095,0
Synthetic_146x100_high_241110_192537_v1,gpu,7,0.793,0.507,0.125,0.104,0
Synthetic_146x100_high_241110_192550_v1,gpu,7,0.682,0.486,0.102,0.079,0
Synthetic_153x104_high_241110_192833_v1,gpu,7,0.722,0.509,0.109,0.086,0
Synthetic_153x104_high_241110_192845_v1,gpu,8,0.88,0.53,0.124,0.104,0
Synthetic_153x104_high_241110_192858_v1,gpu,7,0.878,0.56,0.141,0.119,0
Synthetic_153x104_high_241110_192910_v1,gpu,8,0.838,0.523,0.113,0.097,0
Synthetic_160x108_high_241110_193143_v1,gpu,6,0.63,0.524,0.096,0.07,0
Synthetic_160x108_high_241110_193156_v1,gpu,7,0.847,0.538,0.119,0.102,0
Synthetic_160x108_high_241110_193208_v1,gpu,6,0.657,0.51,0.102,0.081,0
Synthetic_160x108_high_241110_193221_v1,gpu,7,0.656,0.547,0.088,0.065,0
Synthetic_160x108_high_241110_193233_v1,gpu,8,1.042,0.566,0.133,0.119,0
Synthetic_166x112_high_241110_193509_v1,gpu,7,0.833,0.544,0.122,0.102,0
Synthetic_166x112_high_241110_193521_v1,gpu,4,0.555,0.54,0.062,0.042,0
Synthetic_166x112_high_241110_193533_v1,gpu,7,0.906,0.536,0.151,0.122,0
Synthetic_166x112_high_241110_193546_v1,gpu,6,0.743,0.505,0.115,0.096,0
Synthetic_166x112_high_241110_193558_v1,gpu,7,1.037,0.553,0.164,0.132,0
Synthetic_172x115_high_241110_193836_v1,gpu,8,1.037,0.581,0.141,0.117,0
Synthetic_172x115_high_241110_193914_v1,gpu,8,0.913,0.543,0.123,0.105,0
Synthetic_172x115_high_241110_193926_v1,gpu,8,0.925,0.541,0.129,0.11,0
Synthetic_178x119_high_241110_194207_v1,gpu,6,0.689,0.53,0.103,0.084,0
Synthetic_178x119_high_241110_194219_v1,gpu,8,1.056,0.627,0.139,0.119,0
Synthetic_178x119_high_241110_194232_v1,gpu,7,1.099,0.608,0.159,0.135,0
Synthetic_178x119_high_241110_194244_v1,gpu,8,1.155,0.59,0.15,0.131,0
Synthetic_178x119_high_241110_194256_v1,gpu,7,0.893,0.583,0.127,0.105,0
Synthetic_184x122_high_241110_194539_v1,gpu,7,1.034,0.569,0.153,0.13,0
Synthetic_184x122_high_241110_194552_v1,gpu,8,1.16,0.607,0.166,0.136,0
Synthetic_184x122_high_241110_194604_v1,gpu,7,0.992,0.554,0.139,0.122,0
Synthetic_184x122_high_241110_194616_v1,gpu,9,0.679,0.599,0.073,0.049,0
Synthetic_184x122_high_241110_194629_v1,gpu,8,0.914,0.537,0.123,0.103,0
Synthetic_189x125_high_241110_194926_v1,gpu,7,0.986,0.658,0.136,0.114,0
Synthetic_189x125_high_241110_194939_v1,gpu,8,1.191,0.715,0.159,0.135,0
Synthetic_189x125_high_241110_194951_v1,gpu,7,0.754,0.641,0.089,0.066,0
Synthetic_189x125_high_241110_195004_v1,gpu,7,0.84,0.616,0.112,0.09,0
Synthetic_195x129_high_241110_195251_v1,gpu,8,0.751,0.504,0.1,0.08,0
Synthetic_195x129_high_241110_195303_v1,gpu,8,0.871,0.555,0.115,0.092,0
Synthetic_195x129_high_241110_195316_v1,gpu,9,1.23,0.564,0.163,0.137,0
Synthetic_195x129_high_241110_195328_v1,gpu,8,1.23,0.735,0.168,0.136,0
Synthetic_195x129_high_241110_195340_v1,gpu,9,1.161,0.635,0.149,0.126,0
Synthetic_200x132_high_241110_195632_v1,gpu,7,0.562,0.509,0.063,0.042,0
Synthetic_200x132_high_241110_195644_v1,gpu,9,1.255,0.626,0.152,0.129,0
Synthetic_200x132_high_241110_195657_v1,gpu,8,0.762,0.46,0.103,0.083,0
Synthetic_200x132_high_241110_195709_v1,gpu,8,0.656,0.503,0.084,0.062,0
Synthetic_200x132_high_241110_195722_v1,gpu,9,1.082,0.498,0.14,0.119,0
Synthetic_205x135_high_241110_200014_v1,gpu,10,1.422,0.64,0.17,0.142,0
Synthetic_205x135_high_241110_200027_v1,gpu,10,0.917,0.727,0.086,0.067,0
Synthetic_205x135_high_241110_200039_v1,gpu,9,0.931,0.703,0.109,0.079,0
Synthetic_205x135_high_241110_200052_v1,gpu,9,1.199,0.667,0.144,0.117,0
Synthetic_205x135_high_241110_200104_v1,gpu,6,0.64,0.575,0.081,0.055,0
Synthetic_210x138_high_241110_200359_v1,gpu,9,1.163,0.649,0.137,0.118,0
Synthetic_210x138_high_241110_200411_v1,gpu,10,1.435,0.624,0.16,0.134,0
Synthetic_210x138_high_241110_200424_v1,gpu,9,0.767,0.556,0.096,0.073,0
Synthetic_210x138_high_241110_200449_v1,gpu,9,0.729,0.543,0.083,0.063,0
Synthetic_215x141_high_241110_200746_v1,gpu,11,1.421,0.59,0.158,0.131,0
Synthetic_215x141_high_241110_200759_v1,gpu,10,1.176,0.577,0.134,0.109,0
Synthetic_215x141_high_241110_200811_v1,gpu,11,1.143,0.54,0.114,0.096,0
Synthetic_215x141_high_241110_200824_v1,gpu,12,0.947,0.575,0.094,0.067,0
Synthetic_215x141_high_241110_200836_v1,gpu,11,1.402,0.693,0.134,0.118,0
Synthetic_220x143_high_241110_201136_v1,gpu,11,1.099,0.571,0.109,0.09,0
Synthetic_220x143_high_241110_201148_v1,gpu,12,0.837,0.697,0.074,0.047,0
Synthetic_220x143_high_241110_201201_v1,gpu,8,0.684,0.577,0.076,0.054,0
Synthetic_220x143_high_241110_201213_v1,gpu,11,1.211,0.599,0.12,0.101,0
Synthetic_220x143_high_241110_201225_v1,gpu,11,1.234,0.627,0.122,0.099,0
Synthetic_225x146_high_241110_201528_v1,gpu,12,0.879,0.486,0.09,0.069,0
Synthetic_225x146_high_241110_201553_v1,gpu,13,1.73,0.576,0.155,0.135,0
Synthetic_225x146_high_241110_201606_v1,gpu,12,1.01,0.482,0.107,0.082,0
Synthetic_225x146_high_241110_201618_v1,gpu,13,1.689,0.554,0.15,0.129,0
Synthetic_229x149_high_241110_201923_v1,gpu,14,1.671,0.529,0.142,0.122,0
Synthetic_229x149_high_241110_201935_v1,gpu,13,1.655,0.538,0.144,0.122,0
Synthetic_229x149_high_241110_201948_v1,gpu,14,1.612,0.53,0.145,0.116,0
Synthetic_229x149_high_241110_202000_v1,gpu,15,0.846,0.516,0.083,0.053,0
Synthetic_229x149_high_241110_202012_v1,gpu,13,1.782,0.545,0.158,0.135,0
Synthetic_234x152_high_241110_202320_v1,gpu,12,0.847,0.636,0.074,0.051,0
Synthetic_234x152_high_241110_202333_v1,gpu,13,1.637,0.6,0.138,0.119,0
Synthetic_234x152_high_241110_202345_v1,gpu,14,1.531,0.586,0.135,0.109,0
Synthetic_234x152_high_241110_202358_v1,gpu,11,0.856,0.633,0.078,0.057,0
Synthetic_234x152_high_241110_202410_v1,gpu,12,0.971,0.613,0.09,0.068,0
Synthetic_238x154_high_241110_202720_v1,gpu,15,1.456,0.573,0.119,0.098,0
Synthetic_238x154_high_241110_202732_v1,gpu,17,1.045,0.549,0.086,0.057,0
Synthetic_238x154_high_241110_202745_v1,gpu,14,1.003,0.578,0.083,0.064,0
Synthetic_238x154_high_241110_202757_v1,gpu,14,1.172,0.511,0.105,0.081,0
Synthetic_238x154_high_241110_202809_v1,gpu,15,1.781,0.597,0.145,0.119,0
Synthetic_243x157_high_241110_203147_v1,gpu,18,4.384,4.299,0.101,0.079,0
Synthetic_73x57_high_241110_213901_v1,gpu,8,0.85,0.699,0.083,0.066,0
Synthetic_73x57_high_241110_213913_v1,gpu,8,1.004,0.72,0.123,0.1,0
Synthetic_73x57_high_241110_213938_v1,gpu,8,0.829,0.682,0.082,0.066,0
Synthetic_73x57_high_241110_213950_v1,gpu,8,1.183,0.817,0.149,0.121,0
Synthetic_85x64_high_241110_214201_v1,gpu,10,1.175,0.701,0.118,0.097,0
Synthetic_85x64_high_241110_214214_v1,gpu,10,0.699,0.58,0.074,0.054,0
Synthetic_85x64_high_241110_214226_v1,gpu,9,0.669,0.568,0.074,0.055,0
Synthetic_85x64_high_241110_214238_v1,gpu,9,0.944,0.576,0.113,0.094,0
Synthetic_85x64_high_241110_214251_v1,gpu,9,0.67,0.596,0.069,0.048,0
Synthetic_96x70_high_241110_214504_v1,gpu,8,0.758,0.601,0.087,0.07,0
Synthetic_96x70_high_241110_214528_v1,gpu,8,1.112,0.708,0.144,0.12,0
Synthetic_106x76_high_241110_214809_v1,gpu,9,1.2,0.806,0.132,0.111,0
Synthetic_106x76_high_241110_214821_v1,gpu,9,0.724,0.63,0.07,0.052,0
Synthetic_106x76_high_241110_214834_v1,gpu,8,1.122,0.71,0.145,0.118,0
Synthetic_106x76_high_241110_214846_v1,gpu,6,0.676,0.63,0.076,0.058,0
Synthetic_115x81_high_241110_215117_v1,gpu,8,1.03,0.684,0.141,0.113,0
Synthetic_115x81_high_241110_215129_v1,gpu,3,0.623,0.614,0.065,0.043,0
Synthetic_115x81_high_241110_215141_v1,gpu,7,0.719,0.633,0.079,0.063,0
Synthetic_115x81_high_241110_215154_v1,gpu,8,0.978,0.657,0.128,0.1,0
Synthetic_115x81_high_241110_215206_v1,gpu,9,1.067,0.734,0.111,0.094,0
Synthetic_124x86_high_241110_215427_v1,gpu,10,0.778,0.566,0.079,0.063,0
Synthetic_124x86_high_241110_215439_v1,gpu,8,1.128,0.657,0.149,0.12,0
Synthetic_124x86_high_241110_215452_v1,gpu,8,1,0.615,0.13,0.111,0
Synthetic_124x86_high_241110_215504_v1,gpu,6,0.635,0.576,0.08,0.057,0
Synthetic_124x86_high_241110_215516_v1,gpu,7,0.965,0.642,0.133,0.106,0
Synthetic_131x91_high_241110_215739_v1,gpu,7,0.971,0.613,0.14,0.116,0
Synthetic_131x91_high_241110_215752_v1,gpu,10,0.729,0.556,0.077,0.061,0
Synthetic_131x91_high_241110_215804_v1,gpu,8,0.733,0.529,0.094,0.075,0
Synthetic_131x91_high_241110_215817_v1,gpu,11,0.681,0.558,0.07,0.047,0
Synthetic_131x91_high_241110_215829_v1,gpu,7,0.701,0.562,0.093,0.068,0
Synthetic_139x96_high_241110_220055_v1,gpu,8,0.848,0.581,0.108,0.087,0
Synthetic_139x96_high_241110_220107_v1,gpu,7,0.852,0.548,0.117,0.099,0
Synthetic_139x96_high_241110_220120_v1,gpu,9,1.222,0.661,0.16,0.129,0
Synthetic_139x96_high_241110_220132_v1,gpu,7,0.669,0.539,0.093,0.07,0
Synthetic_139x96_high_241110_220144_v1,gpu,8,0.998,0.593,0.131,0.11,0
Synthetic_146x100_high_241110_220412_v1,gpu,7,0.752,0.462,0.117,0.093,0
Synthetic_146x100_high_241110_220425_v1,gpu,7,0.876,0.541,0.143,0.118,0
Synthetic_146x100_high_241110_220437_v1,gpu,5,0.547,0.492,0.089,0.063,0
Synthetic_146x100_high_241110_220450_v1,gpu,8,0.951,0.53,0.144,0.114,0
Synthetic_146x100_high_241110_220502_v1,gpu,7,0.919,0.572,0.145,0.123,0
Synthetic_153x104_high_241110_220733_v1,gpu,8,0.742,0.506,0.103,0.081,0
Synthetic_153x104_high_241110_220745_v1,gpu,8,0.814,0.53,0.11,0.089,0
Synthetic_153x104_high_241110_220758_v1,gpu,8,0.862,0.501,0.118,0.095,0
Synthetic_153x104_high_241110_220810_v1,gpu,8,1.061,0.609,0.133,0.117,0
Synthetic_153x104_high_241110_220823_v1,gpu,9,0.845,0.541,0.104,0.084,0
Synthetic_160x108_high_241110_221055_v1,gpu,6,0.585,0.553,0.075,0.049,0
Synthetic_160x108_high_241110_221108_v1,gpu,7,1.045,0.575,0.153,0.13,0
Synthetic_160x108_high_241110_221120_v1,gpu,6,0.593,0.562,0.07,0.045,0
Synthetic_160x108_high_241110_221133_v1,gpu,8,1.254,0.675,0.158,0.135,0
Synthetic_160x108_high_241110_221145_v1,gpu,5,0.609,0.527,0.097,0.073,0
Synthetic_166x112_high_241110_221421_v1,gpu,7,0.74,0.512,0.107,0.084,0
Synthetic_166x112_high_241110_221434_v1,gpu,5,0.606,0.575,0.081,0.056,0
Synthetic_166x112_high_241110_221458_v1,gpu,8,0.832,0.506,0.111,0.087,0
Synthetic_166x112_high_241110_221511_v1,gpu,7,0.848,0.535,0.137,0.113,0
Synthetic_172x115_high_241110_221749_v1,gpu,3,0.599,0.583,0.076,0.054,0
Synthetic_172x115_high_241110_221801_v1,gpu,5,0.603,0.58,0.076,0.048,0
Synthetic_172x115_high_241110_221813_v1,gpu,7,0.845,0.546,0.127,0.105,0
Synthetic_172x115_high_241110_221838_v1,gpu,6,0.852,0.563,0.135,0.113,0
Synthetic_178x119_high_241110_222119_v1,gpu,7,1.005,0.555,0.162,0.136,0
Synthetic_178x119_high_241110_222131_v1,gpu,7,0.966,0.607,0.136,0.115,0
Synthetic_178x119_high_241110_222144_v1,gpu,8,0.962,0.58,0.139,0.116,0
Synthetic_178x119_high_241110_222156_v1,gpu,7,0.872,0.566,0.13,0.109,0
Synthetic_178x119_high_241110_222209_v1,gpu,7,0.717,0.545,0.1,0.078,0
Synthetic_184x122_high_241110_222452_v1,gpu,9,0.927,0.586,0.115,0.092,0
Synthetic_184x122_high_241110_222504_v1,gpu,7,0.975,0.647,0.135,0.109,0
Synthetic_184x122_high_241110_222517_v1,gpu,9,0.672,0.582,0.078,0.052,0
Synthetic_184x122_high_241110_222529_v1,gpu,7,0.947,0.556,0.146,0.118,0
Synthetic_184x122_high_241110_222541_v1,gpu,6,0.687,0.576,0.091,0.07,0
Synthetic_189x125_high_241110_222826_v1,gpu,8,1.009,0.644,0.126,0.105,0
Synthetic_189x125_high_241110_222839_v1,gpu,9,1.173,0.662,0.139,0.122,0
Synthetic_189x125_high_241110_222851_v1,gpu,9,0.721,0.618,0.08,0.056,0
Synthetic_189x125_high_241110_222903_v1,gpu,8,1.053,0.7,0.139,0.114,0
Synthetic_189x125_high_241110_222916_v1,gpu,8,0.915,0.617,0.115,0.095,0
Synthetic_195x129_high_241110_223204_v1,gpu,9,1.052,0.591,0.126,0.109,0
Synthetic_195x129_high_241110_223216_v1,gpu,7,0.666,0.605,0.075,0.051,0
Synthetic_195x129_high_241110_223229_v1,gpu,8,0.672,0.599,0.079,0.053,0
Synthetic_195x129_high_241110_223241_v1,gpu,9,1.02,0.541,0.127,0.109,0
Synthetic_195x129_high_241110_223254_v1,gpu,8,0.92,0.669,0.106,0.082,0
Synthetic_200x132_high_241110_223544_v1,gpu,9,0.889,0.639,0.097,0.076,0
Synthetic_200x132_high_241110_223557_v1,gpu,9,0.911,0.526,0.108,0.09,0
Synthetic_200x132_high_241110_223609_v1,gpu,8,0.805,0.522,0.1,0.08,0
Synthetic_200x132_high_241110_223622_v1,gpu,9,0.885,0.563,0.105,0.086,0
Synthetic_200x132_high_241110_223634_v1,gpu,9,1.141,0.666,0.127,0.112,0
Synthetic_205x135_high_241110_223927_v1,gpu,10,1.311,0.613,0.154,0.13,0
Synthetic_205x135_high_241110_223939_v1,gpu,10,0.991,0.533,0.11,0.088,0
Synthetic_205x135_high_241110_223951_v1,gpu,8,0.657,0.576,0.072,0.048,0
Synthetic_205x135_high_241110_224004_v1,gpu,8,0.882,0.576,0.106,0.087,0
Synthetic_210x138_high_241110_224311_v1,gpu,10,1.329,0.608,0.144,0.121,0
Synthetic_210x138_high_241110_224336_v1,gpu,10,0.788,0.563,0.088,0.063,0
Synthetic_210x138_high_241110_224348_v1,gpu,9,0.915,0.7,0.099,0.072,0
Synthetic_210x138_high_241110_224400_v1,gpu,7,0.755,0.632,0.088,0.064,0
Synthetic_215x141_high_241110_224659_v1,gpu,11,1.037,0.502,0.105,0.085,0
Synthetic_215x141_high_241110_224711_v1,gpu,10,1.002,0.617,0.105,0.083,0
Synthetic_215x141_high_241110_224723_v1,gpu,9,0.656,0.549,0.073,0.052,0
Synthetic_215x141_high_241110_224748_v1,gpu,11,0.844,0.605,0.09,0.065,0
Synthetic_220x143_high_241110_225048_v1,gpu,11,1.127,0.541,0.114,0.097,0
Synthetic_220x143_high_241110_225101_v1,gpu,11,1.004,0.529,0.109,0.087,0
Synthetic_220x143_high_241110_225113_v1,gpu,12,1.423,0.616,0.14,0.116,0
Synthetic_220x143_high_241110_225125_v1,gpu,12,1.038,0.525,0.108,0.08,0
Synthetic_220x143_high_241110_225138_v1,gpu,11,1.205,0.586,0.127,0.107,0
Synthetic_225x146_high_241110_225441_v1,gpu,12,1.471,0.58,0.138,0.116,0
Synthetic_225x146_high_241110_225453_v1,gpu,13,1.537,0.554,0.148,0.122,0
Synthetic_225x146_high_241110_225506_v1,gpu,12,0.977,0.481,0.099,0.077,0
Synthetic_225x146_high_241110_225518_v1,gpu,13,1.8,0.56,0.168,0.142,0
Synthetic_225x146_high_241110_225531_v1,gpu,14,0.893,0.496,0.088,0.062,0
Synthetic_229x149_high_241110_225835_v1,gpu,14,0.822,0.507,0.087,0.057,0
Synthetic_229x149_high_241110_225848_v1,gpu,14,1.179,0.473,0.104,0.083,0
Synthetic_229x149_high_241110_225900_v1,gpu,12,0.761,0.555,0.073,0.05,0
Synthetic_229x149_high_241110_225913_v1,gpu,13,1.527,0.524,0.152,0.113,0
Synthetic_229x149_high_241110_225925_v1,gpu,14,0.901,0.501,0.086,0.062,0
Synthetic_234x152_high_241110_230233_v1,gpu,13,1.272,0.581,0.116,0.094,0
Synthetic_234x152_high_241110_230245_v1,gpu,13,1.227,0.552,0.112,0.091,0
Synthetic_234x152_high_241110_230322_v1,gpu,14,1.855,0.61,0.156,0.133,0
Synthetic_238x154_high_241110_230632_v1,gpu,15,1.778,0.571,0.136,0.118,0
Synthetic_238x154_high_241110_230645_v1,gpu,15,1.94,0.606,0.156,0.129,0
Synthetic_238x154_high_241110_230657_v1,gpu,14,1.228,0.509,0.106,0.085,0
Synthetic_238x154_high_241110_230709_v1,gpu,14,1.088,0.555,0.092,0.071,0
Synthetic_238x154_high_241110_230722_v1,gpu,15,1.794,0.586,0.139,0.122,0
Synthetic_73x57_high_241111_020200_v1,gpu,8,1.896,1.114,0.241,0.196,0
Synthetic_73x57_high_241111_020200_v1,gpu,8,1.896,1.114,0.241,0.196,0
Synthetic_73x57_high_241111_020212_v1,gpu,8,2.139,1.221,0.276,0.215,0
Synthetic_73x57_high_241111_020212_v1,gpu,8,2.139,1.221,0.276,0.215,0
Synthetic_73x57_high_241111_020225_v1,gpu,8,1.924,1.122,0.237,0.197,0
Synthetic_73x57_high_241111_020225_v1,gpu,8,1.924,1.122,0.237,0.197,0
Synthetic_73x57_high_241111_020237_v1,gpu,9,2.642,1.675,0.246,0.193,0.01
Synthetic_73x57_high_241111_020237_v1,gpu,9,2.642,1.675,0.246,0.193,0.01
Synthetic_73x57_high_241111_020250_v1,gpu,8,1.786,1.07,0.237,0.188,0
Synthetic_73x57_high_241111_020250_v1,gpu,8,1.786,1.07,0.237,0.188,0
Synthetic_73x57_high_241111_020302_v1,gpu,7,1.896,1.199,0.249,0.195,0.01
Synthetic_73x57_high_241111_020302_v1,gpu,7,1.896,1.199,0.249,0.195,0.01
Synthetic_73x57_high_241111_020340_v1,gpu,10,3.054,1.872,0.277,0.226,0.01
Synthetic_73x57_high_241111_020340_v1,gpu,10,3.054,1.872,0.277,0.226,0.01
Synthetic_85x64_high_241111_021159_v1,gpu,8,2.26,1.052,0.288,0.243,0
Synthetic_85x64_high_241111_021159_v1,gpu,8,2.26,1.052,0.288,0.243,0
Synthetic_85x64_high_241111_021211_v1,gpu,10,2.511,1.423,0.226,0.19,0.01
Synthetic_85x64_high_241111_021211_v1,gpu,10,2.511,1.423,0.226,0.19,0.01
Synthetic_85x64_high_241111_021223_v1,gpu,10,2.533,1.418,0.236,0.193,0.01
Synthetic_85x64_high_241111_021223_v1,gpu,10,2.533,1.418,0.236,0.193,0.01
Synthetic_85x64_high_241111_021235_v1,gpu,12,3.021,1.616,0.236,0.208,0
Synthetic_85x64_high_241111_021247_v1,gpu,11,2.436,1.269,0.24,0.194,0
Synthetic_85x64_high_241111_021247_v1,gpu,11,2.436,1.269,0.24,0.194,0
Synthetic_85x64_high_241111_021259_v1,gpu,12,3.255,1.883,0.244,0.212,0.01
Synthetic_85x64_high_241111_021323_v1,gpu,11,2.792,1.469,0.242,0.208,0
Synthetic_85x64_high_241111_021323_v1,gpu,11,2.792,1.469,0.242,0.208,0
Synthetic_85x64_high_241111_021335_v1,gpu,8,2.14,1.021,0.285,0.229,0
Synthetic_85x64_high_241111_021335_v1,gpu,8,2.14,1.021,0.285,0.229,0
Synthetic_96x70_high_241111_022203_v1,gpu,9,2.418,1.296,0.244,0.211,0
Synthetic_96x70_high_241111_022203_v1,gpu,9,2.418,1.296,0.244,0.211,0
Synthetic_96x70_high_241111_022215_v1,gpu,8,1.869,0.963,0.239,0.207,0
Synthetic_96x70_high_241111_022215_v1,gpu,8,1.869,0.963,0.239,0.207,0
Synthetic_96x70_high_241111_022227_v1,gpu,11,3.147,1.745,0.264,0.227,0.01
Synthetic_96x70_high_241111_022227_v1,gpu,11,3.147,1.745,0.264,0.227,0.01
Synthetic_96x70_high_241111_022303_v1,gpu,7,1.984,1.013,0.271,0.229,0
Synthetic_96x70_high_241111_022303_v1,gpu,7,1.984,1.013,0.271,0.229,0
Synthetic_96x70_high_241111_022315_v1,gpu,9,2.816,1.497,0.282,0.244,0
Synthetic_96x70_high_241111_022315_v1,gpu,9,2.816,1.497,0.282,0.244,0
Synthetic_96x70_high_241111_022327_v1,gpu,8,1.635,0.864,0.211,0.185,0
Synthetic_96x70_high_241111_022327_v1,gpu,8,1.635,0.864,0.211,0.185,0
Synthetic_106x76_high_241111_023212_v1,gpu,8,2.27,1.282,0.263,0.23,0
Synthetic_106x76_high_241111_023212_v1,gpu,8,2.27,1.282,0.263,0.23,0
Synthetic_106x76_high_241111_023248_v1,gpu,11,3.031,1.82,0.246,0.206,0.01
Synthetic_106x76_high_241111_023248_v1,gpu,11,3.031,1.82,0.246,0.206,0.01
Synthetic_106x76_high_241111_023300_v1,gpu,11,2.987,1.871,0.217,0.194,0.01
Synthetic_106x76_high_241111_023300_v1,gpu,11,2.987,1.871,0.217,0.194,0.01
Synthetic_106x76_high_241111_023312_v1,gpu,8,2.361,1.273,0.272,0.234,0
Synthetic_106x76_high_241111_023312_v1,gpu,8,2.361,1.273,0.272,0.234,0
Synthetic_106x76_high_241111_023324_v1,gpu,10,2.803,1.498,0.267,0.236,0
Synthetic_106x76_high_241111_023324_v1,gpu,10,2.803,1.498,0.267,0.236,0
Synthetic_106x76_high_241111_023336_v1,gpu,12,3.142,1.716,0.247,0.22,0
Synthetic_115x81_high_241111_024214_v1,gpu,8,1.898,0.985,0.227,0.197,0
Synthetic_115x81_high_241111_024214_v1,gpu,8,1.898,0.985,0.227,0.197,0
Synthetic_115x81_high_241111_024250_v1,gpu,12,3.263,1.891,0.252,0.216,0.01
Synthetic_115x81_high_241111_024302_v1,gpu,7,1.769,0.945,0.237,0.212,0
Synthetic_115x81_high_241111_024302_v1,gpu,7,1.769,0.945,0.237,0.212,0
Synthetic_115x81_high_241111_024350_v1,gpu,7,2.071,1.053,0.275,0.237,0
Synthetic_115x81_high_241111_024350_v1,gpu,7,2.071,1.053,0.275,0.237,0
Synthetic_115x81_high_241111_024402_v1,gpu,10,2.699,1.56,0.233,0.209,0
Synthetic_115x81_high_241111_024402_v1,gpu,10,2.699,1.56,0.233,0.209,0
Synthetic_131x91_high_241111_030257_v1,gpu,7,1.854,0.874,0.278,0.245,0
Synthetic_131x91_high_241111_030257_v1,gpu,7,1.854,0.874,0.278,0.245,0
Synthetic_131x91_high_241111_030309_v1,gpu,7,1.572,0.781,0.231,0.2,0
Synthetic_131x91_high_241111_030309_v1,gpu,7,1.572,0.781,0.231,0.2,0
Synthetic_131x91_high_241111_030321_v1,gpu,10,2.765,1.407,0.277,0.242,0
Synthetic_131x91_high_241111_030321_v1,gpu,10,2.765,1.407,0.277,0.242,0
Synthetic_131x91_high_241111_030333_v1,gpu,7,1.648,0.77,0.231,0.208,0
Synthetic_131x91_high_241111_030333_v1,gpu,7,1.648,0.77,0.231,0.208,0
Synthetic_131x91_high_241111_030345_v1,gpu,9,2.401,1.354,0.226,0.203,0.01
Synthetic_131x91_high_241111_030345_v1,gpu,9,2.401,1.354,0.226,0.203,0.01
Synthetic_131x91_high_241111_030357_v1,gpu,7,2.368,1.176,0.312,0.264,0
Synthetic_131x91_high_241111_030357_v1,gpu,7,2.368,1.176,0.312,0.264,0
Synthetic_131x91_high_241111_030409_v1,gpu,9,2.731,1.336,0.298,0.263,0
Synthetic_131x91_high_241111_030409_v1,gpu,9,2.731,1.336,0.298,0.263,0
Synthetic_131x91_high_241111_030421_v1,gpu,10,3.102,1.774,0.251,0.226,0.01
Synthetic_131x91_high_241111_030421_v1,gpu,10,3.102,1.774,0.251,0.226,0.01
Synthetic_131x91_high_241111_030433_v1,gpu,12,3.218,1.681,0.242,0.221,0.01
Synthetic_131x91_high_241111_030445_v1,gpu,11,2.931,1.652,0.233,0.21,0
Synthetic_131x91_high_241111_030445_v1,gpu,11,2.931,1.652,0.233,0.21,0
Synthetic_225x147_high_241111_060609_v1,gpu,13,3.301,0.76,0.273,0.255,0
Synthetic_225x147_high_241111_060609_v1,gpu,13,3.301,0.76,0.273,0.255,0
Synthetic_225x147_high_241111_060621_v1,gpu,13,2.754,0.665,0.228,0.211,0
Synthetic_225x147_high_241111_060621_v1,gpu,13,2.754,0.665,0.228,0.211,0
Synthetic_225x147_high_241111_060632_v1,gpu,13,2.696,0.677,0.23,0.211,0
Synthetic_225x147_high_241111_060632_v1,gpu,13,2.696,0.677,0.23,0.211,0
Synthetic_225x147_high_241111_060644_v1,gpu,13,2.506,0.673,0.211,0.196,0
Synthetic_225x147_high_241111_060644_v1,gpu,13,2.506,0.673,0.211,0.196,0
Synthetic_225x147_high_241111_060656_v1,gpu,13,2.594,0.643,0.228,0.207,0
Synthetic_225x147_high_241111_060656_v1,gpu,13,2.594,0.643,0.228,0.207,0
Synthetic_225x147_high_241111_060708_v1,gpu,13,3.176,0.725,0.267,0.242,0
Synthetic_225x147_high_241111_060708_v1,gpu,13,3.176,0.725,0.267,0.242,0
Synthetic_225x147_high_241111_060720_v1,gpu,13,3.169,0.742,0.264,0.243,0
Synthetic_225x147_high_241111_060720_v1,gpu,13,3.169,0.742,0.264,0.243,0
Synthetic_225x147_high_241111_060732_v1,gpu,13,3.352,0.732,0.28,0.258,0
Synthetic_225x147_high_241111_060732_v1,gpu,13,3.352,0.732,0.28,0.258,0
Synthetic_225x147_high_241111_060744_v1,gpu,13,2.51,0.637,0.223,0.197,0
Synthetic_225x147_high_241111_060744_v1,gpu,13,2.51,0.637,0.223,0.197,0
Synthetic_225x147_high_241111_060757_v1,gpu,13,3.259,0.751,0.294,0.256,0
Synthetic_225x147_high_241111_060757_v1,gpu,13,3.259,0.751,0.294,0.256,0
Synthetic_234x152_high_241111_062951_v1,gpu,14,3.827,0.817,0.303,0.269,0
Synthetic_234x152_high_241111_062951_v1,gpu,14,3.827,0.817,0.303,0.269,0
Synthetic_234x152_high_241111_063003_v1,gpu,14,3.06,0.694,0.246,0.219,0
Synthetic_234x152_high_241111_063003_v1,gpu,14,3.06,0.694,0.246,0.219,0
Synthetic_234x152_high_241111_063015_v1,gpu,14,3.196,0.758,0.245,0.224,0
Synthetic_234x152_high_241111_063015_v1,gpu,14,3.196,0.758,0.245,0.224,0
Synthetic_234x152_high_241111_063027_v1,gpu,14,3.137,0.727,0.246,0.221,0
Synthetic_234x152_high_241111_063027_v1,gpu,14,3.137,0.727,0.246,0.221,0
Synthetic_234x152_high_241111_063039_v1,gpu,14,3.416,0.731,0.264,0.243,0
Synthetic_234x152_high_241111_063039_v1,gpu,14,3.416,0.731,0.264,0.243,0
Synthetic_234x152_high_241111_063051_v1,gpu,14,3.353,0.79,0.261,0.237,0
Synthetic_234x152_high_241111_063051_v1,gpu,14,3.353,0.79,0.261,0.237,0
Synthetic_234x152_high_241111_063103_v1,gpu,14,2.988,0.729,0.227,0.211,0
Synthetic_234x152_high_241111_063103_v1,gpu,14,2.988,0.729,0.227,0.211,0
Synthetic_234x152_high_241111_063115_v1,gpu,14,2.858,0.7,0.223,0.2,0
Synthetic_234x152_high_241111_063115_v1,gpu,14,2.858,0.7,0.223,0.2,0
Synthetic_234x152_high_241111_063126_v1,gpu,14,3.476,0.795,0.268,0.245,0
Synthetic_234x152_high_241111_063126_v1,gpu,14,3.476,0.795,0.268,0.245,0
Synthetic_234x152_high_241111_063138_v1,gpu,14,3.183,0.729,0.248,0.226,0
Synthetic_234x152_high_241111_063138_v1,gpu,14,3.183,0.729,0.248,0.226,0
Synthetic_256x165_high_241111_083729_v1,gpu,19,4.391,0.823,0.258,0.232,0
Synthetic_256x165_high_241111_083800_v1,gpu,19,3.758,0.754,0.237,0.199,0
Synthetic_256x165_high_241111_083830_v1,gpu,18,4.23,0.85,0.264,0.226,0
Synthetic_256x165_high_241111_083901_v1,gpu,19,3.999,0.811,0.253,0.214,0
Synthetic_256x165_high_241111_083930_v1,gpu,18,5.076,0.914,0.314,0.277,0
Synthetic_256x165_high_241111_084001_v1,gpu,19,5.024,0.877,0.307,0.266,0
Synthetic_256x165_high_241111_084031_v1,gpu,19,4.012,0.789,0.237,0.214,0
Synthetic_256x165_high_241111_084101_v1,gpu,19,5.068,0.896,0.31,0.271,0
Synthetic_256x165_high_241111_084132_v1,gpu,19,3.752,0.767,0.221,0.197,0
Synthetic_256x165_high_241111_084202_v1,gpu,19,4.209,0.779,0.26,0.221,0
Synthetic_256x165_high_241111_084233_v1,gpu,18,3.813,0.816,0.245,0.206,0
Synthetic_256x165_high_241111_084303_v1,gpu,19,3.657,0.741,0.229,0.195,0
Synthetic_256x165_high_241111_084334_v1,gpu,19,4.333,0.821,0.256,0.223,0
Synthetic_256x165_high_241111_084405_v1,gpu,19,5,0.893,0.299,0.267,0
Synthetic_256x165_high_241111_084436_v1,gpu,19,5.067,0.918,0.301,0.266,0
Synthetic_256x165_high_241111_084506_v1,gpu,19,4.986,0.869,0.294,0.26,0
Synthetic_256x165_high_241111_084537_v1,gpu,19,4.458,0.833,0.27,0.235,0
Synthetic_247x160_high_241111_091859_v1,gpu,17,3.567,0.716,0.247,0.211,0
Synthetic_247x160_high_241111_091930_v1,gpu,17,4.109,0.747,0.283,0.238,0
Synthetic_247x160_high_241111_092001_v1,gpu,17,3.64,0.737,0.257,0.216,0
Synthetic_247x160_high_241111_092033_v1,gpu,17,3.675,0.704,0.247,0.216,0
Synthetic_247x160_high_241111_092104_v1,gpu,17,3.39,0.711,0.23,0.202,0
Synthetic_247x160_high_241111_092137_v1,gpu,17,4.05,0.818,0.285,0.242,0
Synthetic_247x160_high_241111_092208_v1,gpu,17,4.521,0.805,0.303,0.267,0
Synthetic_247x160_high_241111_092238_v1,gpu,17,4.552,0.803,0.312,0.268,0
Synthetic_247x160_high_241111_092339_v1,gpu,17,3.801,0.738,0.255,0.226,0
Synthetic_256x165_high_241111_103757_v1,gpu,19,7.466,1.186,0.448,0.386,0
Synthetic_256x165_high_241111_103830_v1,gpu,19,8.803,1.34,0.537,0.456,0
Synthetic_256x165_high_241111_103901_v1,gpu,19,9.977,1.548,0.618,0.518,0
Synthetic_189x125_high_241111_104332_v1,gpu,9,3.798,1.329,0.444,0.37,0
Synthetic_189x125_high_241111_104403_v1,gpu,10,5.105,1.839,0.508,0.439,0
Synthetic_189x125_high_241111_104435_v1,gpu,10,5.95,2.188,0.613,0.52,0
Synthetic_189x125_high_241111_104505_v1,gpu,11,7.626,3.037,0.696,0.587,0
Synthetic_251x162_high_241111_105437_v1,gpu,16,6.305,2.037,0.458,0.373,0
Synthetic_251x162_high_241111_105507_v1,gpu,18,7.974,2.099,0.497,0.443,0
Synthetic_251x162_high_241111_105537_v1,gpu,17,9.101,2.001,0.616,0.513,0
Synthetic_251x162_high_241111_105608_v1,gpu,17,10.452,2.332,0.678,0.591,0
Synthetic_243x157_high_241111_110039_v1,gpu,16,6.415,2.542,0.449,0.393,0
Synthetic_243x157_high_241111_110113_v1,gpu,16,7.156,2.529,0.504,0.444,0
Synthetic_243x157_high_241111_110144_v1,gpu,15,8.084,2.48,0.612,0.521,0
Synthetic_243x157_high_241111_110214_v1,gpu,15,9.524,2.728,0.697,0.593,0
Synthetic_234x152_high_241111_110637_v1,gpu,14,5.505,1.088,0.416,0.379,0
Synthetic_234x152_high_241111_110707_v1,gpu,14,6.917,1.212,0.549,0.475,0
Synthetic_234x152_high_241111_110737_v1,gpu,14,7.786,1.408,0.646,0.532,0
Synthetic_234x152_high_241111_110807_v1,gpu,14,9.451,1.722,0.731,0.636,0
Synthetic_229x149_high_241111_111231_v1,gpu,13,5.056,0.964,0.436,0.375,0
Synthetic_229x149_high_241111_111303_v1,gpu,14,6.356,1.158,0.523,0.456,0
Synthetic_229x149_high_241111_111336_v1,gpu,13,7.316,1.37,0.612,0.527,0
Synthetic_229x149_high_241111_111407_v1,gpu,14,8.455,1.546,0.724,0.6,0
Synthetic_225x146_high_241111_111824_v1,gpu,13,4.77,0.949,0.419,0.37,0
Synthetic_225x146_high_241111_111855_v1,gpu,13,5.905,1.114,0.519,0.449,0
Synthetic_225x146_high_241111_111927_v1,gpu,13,6.839,1.283,0.584,0.517,0
Synthetic_225x146_high_241111_112000_v1,gpu,13,7.859,1.485,0.722,0.6,0
Synthetic_220x143_high_241111_112413_v1,gpu,11,4.455,0.956,0.424,0.378,0
Synthetic_220x143_high_241111_112445_v1,gpu,12,5.369,1.109,0.523,0.45,0
Synthetic_220x143_high_241111_112515_v1,gpu,12,6.47,1.318,0.642,0.535,0
Synthetic_220x143_high_241111_112546_v1,gpu,12,7.199,1.416,0.698,0.59,0
Synthetic_215x141_high_241111_113001_v1,gpu,11,4.507,0.97,0.46,0.396,0
Synthetic_215x141_high_241111_113031_v1,gpu,11,5.417,1.125,0.56,0.466,0
Synthetic_215x141_high_241111_113104_v1,gpu,11,6.153,1.292,0.62,0.52,0
Synthetic_215x141_high_241111_113136_v1,gpu,11,6.987,1.385,0.722,0.6,0
Synthetic_210x138_high_241111_113545_v1,gpu,10,4.082,0.942,0.449,0.386,0
Synthetic_210x138_high_241111_113616_v1,gpu,10,4.896,1.136,0.524,0.445,0
Synthetic_210x138_high_241111_113646_v1,gpu,11,5.828,1.33,0.631,0.524,0
Synthetic_210x138_high_241111_113717_v1,gpu,11,6.577,1.474,0.708,0.589,0
Synthetic_205x135_high_241111_114128_v1,gpu,10,3.984,1.088,0.413,0.372,0
Synthetic_205x135_high_241111_114200_v1,gpu,10,4.768,1.173,0.535,0.449,0
Synthetic_205x135_high_241111_114231_v1,gpu,10,5.377,1.332,0.584,0.503,0
Synthetic_205x135_high_241111_114303_v1,gpu,10,6.496,1.597,0.721,0.579,0
Synthetic_200x132_high_241111_114708_v1,gpu,10,3.918,1.078,0.423,0.372,0
Synthetic_200x132_high_241111_114740_v1,gpu,10,4.796,1.297,0.546,0.447,0
Synthetic_200x132_high_241111_114812_v1,gpu,10,5.798,1.657,0.636,0.516,0
Synthetic_200x132_high_241111_114850_v1,gpu,10,6.218,1.679,0.667,0.583,0
Synthetic_200x132_high_241111_114921_v1,gpu,10,7.594,3.409,0.82,0.673,0
Synthetic_195x129_high_241111_115246_v1,gpu,9,3.887,1.22,0.464,0.38,0
Synthetic_195x129_high_241111_115317_v1,gpu,10,4.811,1.41,0.568,0.463,0
Synthetic_195x129_high_241111_115347_v1,gpu,9,5.331,1.586,0.615,0.513,0
Synthetic_195x129_high_241111_115417_v1,gpu,10,6.517,1.939,0.701,0.583,0
Synthetic_189x125_high_241111_115820_v1,gpu,10,4.013,1.398,0.445,0.376,0
Synthetic_189x125_high_241111_115851_v1,gpu,10,4.878,1.733,0.549,0.448,0
Synthetic_189x125_high_241111_115922_v1,gpu,10,5.988,2.135,0.582,0.51,0
Synthetic_189x125_high_241111_115952_v1,gpu,10,6.84,2.625,0.674,0.58,0
Synthetic_184x122_high_241111_120529_v1,gpu,9,6.559,2.489,0.739,0.614,0
Synthetic_73x57_high_241111_123734_v1,gpu,7,3.942,2.331,0.508,0.353,0
Synthetic_73x57_high_241111_123807_v1,gpu,9,4.743,2.718,0.528,0.375,0
Synthetic_73x57_high_241111_123838_v1,gpu,6,4.52,2.813,0.597,0.404,0
Synthetic_184x122_high_241111_124234_v1,gpu,7,2.994,0.904,0.418,0.375,0
Synthetic_184x122_high_241111_124305_v1,gpu,7,3.558,1.065,0.529,0.441,0
Synthetic_184x122_high_241111_124337_v1,gpu,8,4.286,1.213,0.629,0.522,0
Synthetic_184x122_high_241111_124408_v1,gpu,8,4.872,1.436,0.702,0.575,0
Synthetic_178x119_high_241111_124805_v1,gpu,7,3.149,1.149,0.441,0.383,0
Synthetic_178x119_high_241111_124835_v1,gpu,7,3.454,1.095,0.548,0.455,0
Synthetic_178x119_high_241111_124907_v1,gpu,7,3.943,1.187,0.63,0.514,0
Synthetic_178x119_high_241111_124940_v1,gpu,7,4.616,1.444,0.703,0.581,0
Synthetic_172x115_high_241111_125332_v1,gpu,7,3.434,1.469,0.434,0.374,0
Synthetic_172x115_high_241111_125404_v1,gpu,7,3.267,1.138,0.52,0.436,0
Synthetic_172x115_high_241111_125436_v1,gpu,6,3.521,1.098,0.614,0.512,0
Synthetic_172x115_high_241111_125508_v1,gpu,7,4.591,1.602,0.651,0.565,0
Synthetic_166x112_high_241111_125858_v1,gpu,7,2.961,1.097,0.447,0.382,0
Synthetic_166x112_high_241111_125928_v1,gpu,6,3.241,1.141,0.585,0.457,0
Synthetic_166x112_high_241111_125958_v1,gpu,6,3.512,1.21,0.64,0.513,0
Synthetic_166x112_high_241111_130031_v1,gpu,7,4.493,1.707,0.708,0.563,0
Synthetic_160x108_high_241111_130420_v1,gpu,7,2.817,1.203,0.425,0.358,0
Synthetic_160x108_high_241111_130450_v1,gpu,7,3.194,1.216,0.501,0.435,0
Synthetic_160x108_high_241111_130520_v1,gpu,6,3.552,1.321,0.602,0.515,0
Synthetic_160x108_high_241111_130551_v1,gpu,7,4.313,1.672,0.689,0.564,0
Synthetic_153x104_high_241111_130941_v1,gpu,7,3.335,1.637,0.455,0.371,0
Synthetic_153x104_high_241111_131013_v1,gpu,6,3.144,1.256,0.493,0.432,0
Synthetic_153x104_high_241111_131045_v1,gpu,6,3.642,1.457,0.632,0.522,0
Synthetic_153x104_high_241111_131115_v1,gpu,6,4.34,1.828,0.738,0.57,0
Synthetic_146x100_high_241111_131458_v1,gpu,7,3.438,1.679,0.419,0.365,0
Synthetic_146x100_high_241111_131528_v1,gpu,6,3.336,1.45,0.543,0.441,0
Synthetic_146x100_high_241111_131559_v1,gpu,6,3.852,1.623,0.608,0.512,0
Synthetic_146x100_high_241111_131629_v1,gpu,7,5.19,2.51,0.705,0.558,0
Synthetic_139x96_high_241111_132014_v1,gpu,6,2.939,1.368,0.451,0.395,0
Synthetic_139x96_high_241111_132044_v1,gpu,7,3.523,1.619,0.552,0.438,0
Synthetic_139x96_high_241111_132115_v1,gpu,7,4.234,1.923,0.632,0.498,0
Synthetic_139x96_high_241111_132145_v1,gpu,7,5.173,2.586,0.751,0.561,0
Synthetic_131x91_high_241111_132526_v1,gpu,8,3.656,1.874,0.451,0.361,0
Synthetic_131x91_high_241111_132557_v1,gpu,8,4.037,1.914,0.523,0.427,0
Synthetic_131x91_high_241111_132629_v1,gpu,7,4.416,2.076,0.58,0.478,0
Synthetic_131x91_high_241111_132700_v1,gpu,8,5.676,2.758,0.67,0.548,0
Synthetic_124x86_high_241111_133036_v1,gpu,9,3.971,2.063,0.436,0.354,0
Synthetic_124x86_high_241111_133107_v1,gpu,7,3.567,1.679,0.548,0.426,0
Synthetic_124x86_high_241111_133138_v1,gpu,7,4.245,2.079,0.622,0.495,0
Synthetic_124x86_high_241111_133208_v1,gpu,8,5.239,2.44,0.662,0.545,0
Synthetic_115x81_high_241111_133544_v1,gpu,9,4.084,2.269,0.41,0.343,0
Synthetic_115x81_high_241111_133614_v1,gpu,6,3.334,1.594,0.555,0.43,0
Synthetic_115x81_high_241111_133647_v1,gpu,6,3.993,2.009,0.639,0.487,0
Synthetic_115x81_high_241111_133720_v1,gpu,9,5.93,3.131,0.665,0.519,0
